{
    "totalrecords": "63",
    "pagesize": "10000",
    "pageno": "1",
    "result": [
        {
            "fundname": "浦银安盛全球智能科技（QDII）",
            "fundcode": "006555",
            "fundtype": "5",
            "sharetype": null,
            "incomeratio": "0.0000%",
            "dayinc": "-0.17%",
            "navdate": "20190906",
            "hfincomeratio": "0",
            "pernetvalue": "1.0822",
            "totalnetvalue": "1.0822"
        },
        {
            "fundname": "浦银安盛全球智能科技（QDII）",
            "fundcode": "006555",
            "fundtype": "5",
            "sharetype": null,
            "incomeratio": "0.0000%",
            "dayinc": "1.82%",
            "navdate": "20190905",
            "hfincomeratio": "0",
            "pernetvalue": "1.0840",
            "totalnetvalue": "1.0840"
        },
        {
            "fundname": "浦银安盛全球智能科技（QDII）",
            "fundcode": "006555",
            "fundtype": "5",
            "sharetype": null,
            "incomeratio": "0.0000%",
            "dayinc": "1.23%",
            "navdate": "20190904",
            "hfincomeratio": "0",
            "pernetvalue": "1.0646",
            "totalnetvalue": "1.0646"
        },
        {
            "fundname": "浦银安盛全球智能科技（QDII）",
            "fundcode": "006555",
            "fundtype": "5",
            "sharetype": null,
            "incomeratio": "0.0000%",
            "dayinc": "-1.01%",
            "navdate": "20190903",
            "hfincomeratio": "0",
            "pernetvalue": "1.0517",
            "totalnetvalue": "1.0517"
        },
        {
            "fundname": "浦银安盛全球智能科技（QDII）",
            "fundcode": "006555",
            "fundtype": "5",
            "sharetype": null,
            "incomeratio": "0.0000%",
            "dayinc": "-0.04%",
            "navdate": "20190902",
            "hfincomeratio": "0",
            "pernetvalue": "1.0624",
            "totalnetvalue": "1.0624"
        },
        {
            "fundname": "浦银安盛全球智能科技（QDII）",
            "fundcode": "006555",
            "fundtype": "5",
            "sharetype": null,
            "incomeratio": "0.0000%",
            "dayinc": "0.25%",
            "navdate": "20190830",
            "hfincomeratio": "0",
            "pernetvalue": "1.0628",
            "totalnetvalue": "1.0628"
        },
        {
            "fundname": "浦银安盛全球智能科技（QDII）",
            "fundcode": "006555",
            "fundtype": "5",
            "sharetype": null,
            "incomeratio": "0.0000%",
            "dayinc": "1.38%",
            "navdate": "20190829",
            "hfincomeratio": "0",
            "pernetvalue": "1.0602",
            "totalnetvalue": "1.0602"
        },
        {
            "fundname": "浦银安盛全球智能科技（QDII）",
            "fundcode": "006555",
            "fundtype": "5",
            "sharetype": null,
            "incomeratio": "0.0000%",
            "dayinc": "-0.19%",
            "navdate": "20190828",
            "hfincomeratio": "0",
            "pernetvalue": "1.0458",
            "totalnetvalue": "1.0458"
        },
        {
            "fundname": "浦银安盛全球智能科技（QDII）",
            "fundcode": "006555",
            "fundtype": "5",
            "sharetype": null,
            "incomeratio": "0.0000%",
            "dayinc": "0.39%",
            "navdate": "20190827",
            "hfincomeratio": "0",
            "pernetvalue": "1.0478",
            "totalnetvalue": "1.0478"
        },
        {
            "fundname": "浦银安盛全球智能科技（QDII）",
            "fundcode": "006555",
            "fundtype": "5",
            "sharetype": null,
            "incomeratio": "0.0000%",
            "dayinc": "0.57%",
            "navdate": "20190826",
            "hfincomeratio": "0",
            "pernetvalue": "1.0437",
            "totalnetvalue": "1.0437"
        },
        {
            "fundname": "浦银安盛全球智能科技（QDII）",
            "fundcode": "006555",
            "fundtype": "5",
            "sharetype": null,
            "incomeratio": "0.0000%",
            "dayinc": "-1.80%",
            "navdate": "20190823",
            "hfincomeratio": "0",
            "pernetvalue": "1.0378",
            "totalnetvalue": "1.0378"
        },
        {
            "fundname": "浦银安盛全球智能科技（QDII）",
            "fundcode": "006555",
            "fundtype": "5",
            "sharetype": null,
            "incomeratio": "0.0000%",
            "dayinc": "-0.19%",
            "navdate": "20190822",
            "hfincomeratio": "0",
            "pernetvalue": "1.0568",
            "totalnetvalue": "1.0568"
        },
        {
            "fundname": "浦银安盛全球智能科技（QDII）",
            "fundcode": "006555",
            "fundtype": "5",
            "sharetype": null,
            "incomeratio": "0.0000%",
            "dayinc": "1.01%",
            "navdate": "20190821",
            "hfincomeratio": "0",
            "pernetvalue": "1.0588",
            "totalnetvalue": "1.0588"
        },
        {
            "fundname": "浦银安盛全球智能科技（QDII）",
            "fundcode": "006555",
            "fundtype": "5",
            "sharetype": null,
            "incomeratio": "0.0000%",
            "dayinc": "-0.13%",
            "navdate": "20190820",
            "hfincomeratio": "0",
            "pernetvalue": "1.0482",
            "totalnetvalue": "1.0482"
        },
        {
            "fundname": "浦银安盛全球智能科技（QDII）",
            "fundcode": "006555",
            "fundtype": "5",
            "sharetype": null,
            "incomeratio": "0.0000%",
            "dayinc": "1.00%",
            "navdate": "20190819",
            "hfincomeratio": "0",
            "pernetvalue": "1.0496",
            "totalnetvalue": "1.0496"
        },
        {
            "fundname": "浦银安盛全球智能科技（QDII）",
            "fundcode": "006555",
            "fundtype": "5",
            "sharetype": null,
            "incomeratio": "0.0000%",
            "dayinc": "1.22%",
            "navdate": "20190816",
            "hfincomeratio": "0",
            "pernetvalue": "1.0392",
            "totalnetvalue": "1.0392"
        },
        {
            "fundname": "浦银安盛全球智能科技（QDII）",
            "fundcode": "006555",
            "fundtype": "5",
            "sharetype": null,
            "incomeratio": "0.0000%",
            "dayinc": "-0.19%",
            "navdate": "20190815",
            "hfincomeratio": "0",
            "pernetvalue": "1.0267",
            "totalnetvalue": "1.0267"
        },
        {
            "fundname": "浦银安盛全球智能科技（QDII）",
            "fundcode": "006555",
            "fundtype": "5",
            "sharetype": null,
            "incomeratio": "0.0000%",
            "dayinc": "-2.40%",
            "navdate": "20190814",
            "hfincomeratio": "0",
            "pernetvalue": "1.0287",
            "totalnetvalue": "1.0287"
        },
        {
            "fundname": "浦银安盛全球智能科技（QDII）",
            "fundcode": "006555",
            "fundtype": "5",
            "sharetype": null,
            "incomeratio": "0.0000%",
            "dayinc": "1.63%",
            "navdate": "20190813",
            "hfincomeratio": "0",
            "pernetvalue": "1.0540",
            "totalnetvalue": "1.0540"
        },
        {
            "fundname": "浦银安盛全球智能科技（QDII）",
            "fundcode": "006555",
            "fundtype": "5",
            "sharetype": null,
            "incomeratio": "0.0000%",
            "dayinc": "-0.88%",
            "navdate": "20190812",
            "hfincomeratio": "0",
            "pernetvalue": "1.0371",
            "totalnetvalue": "1.0371"
        },
        {
            "fundname": "浦银安盛全球智能科技（QDII）",
            "fundcode": "006555",
            "fundtype": "5",
            "sharetype": null,
            "incomeratio": "0.0000%",
            "dayinc": "-0.93%",
            "navdate": "20190809",
            "hfincomeratio": "0",
            "pernetvalue": "1.0463",
            "totalnetvalue": "1.0463"
        },
        {
            "fundname": "浦银安盛全球智能科技（QDII）",
            "fundcode": "006555",
            "fundtype": "5",
            "sharetype": null,
            "incomeratio": "0.0000%",
            "dayinc": "2.30%",
            "navdate": "20190808",
            "hfincomeratio": "0",
            "pernetvalue": "1.0561",
            "totalnetvalue": "1.0561"
        },
        {
            "fundname": "浦银安盛全球智能科技（QDII）",
            "fundcode": "006555",
            "fundtype": "5",
            "sharetype": null,
            "incomeratio": "0.0000%",
            "dayinc": "0.56%",
            "navdate": "20190807",
            "hfincomeratio": "0",
            "pernetvalue": "1.0324",
            "totalnetvalue": "1.0324"
        },
        {
            "fundname": "浦银安盛全球智能科技（QDII）",
            "fundcode": "006555",
            "fundtype": "5",
            "sharetype": null,
            "incomeratio": "0.0000%",
            "dayinc": "2.00%",
            "navdate": "20190806",
            "hfincomeratio": "0",
            "pernetvalue": "1.0266",
            "totalnetvalue": "1.0266"
        },
        {
            "fundname": "浦银安盛全球智能科技（QDII）",
            "fundcode": "006555",
            "fundtype": "5",
            "sharetype": null,
            "incomeratio": "0.0000%",
            "dayinc": "-2.93%",
            "navdate": "20190805",
            "hfincomeratio": "0",
            "pernetvalue": "1.0065",
            "totalnetvalue": "1.0065"
        },
        {
            "fundname": "浦银安盛全球智能科技（QDII）",
            "fundcode": "006555",
            "fundtype": "5",
            "sharetype": null,
            "incomeratio": "0.0000%",
            "dayinc": "-2.12%",
            "navdate": "20190802",
            "hfincomeratio": "0",
            "pernetvalue": "1.0369",
            "totalnetvalue": "1.0369"
        },
        {
            "fundname": "浦银安盛全球智能科技（QDII）",
            "fundcode": "006555",
            "fundtype": "5",
            "sharetype": null,
            "incomeratio": "0.0000%",
            "dayinc": "-0.59%",
            "navdate": "20190801",
            "hfincomeratio": "0",
            "pernetvalue": "1.0594",
            "totalnetvalue": "1.0594"
        },
        {
            "fundname": "浦银安盛全球智能科技（QDII）",
            "fundcode": "006555",
            "fundtype": "5",
            "sharetype": null,
            "incomeratio": "0.0000%",
            "dayinc": "-1.27%",
            "navdate": "20190731",
            "hfincomeratio": "0",
            "pernetvalue": "1.0657",
            "totalnetvalue": "1.0657"
        },
        {
            "fundname": "浦银安盛全球智能科技（QDII）",
            "fundcode": "006555",
            "fundtype": "5",
            "sharetype": null,
            "incomeratio": "0.0000%",
            "dayinc": "-0.32%",
            "navdate": "20190730",
            "hfincomeratio": "0",
            "pernetvalue": "1.0794",
            "totalnetvalue": "1.0794"
        },
        {
            "fundname": "浦银安盛全球智能科技（QDII）",
            "fundcode": "006555",
            "fundtype": "5",
            "sharetype": null,
            "incomeratio": "0.0000%",
            "dayinc": "-0.53%",
            "navdate": "20190729",
            "hfincomeratio": "0",
            "pernetvalue": "1.0829",
            "totalnetvalue": "1.0829"
        },
        {
            "fundname": "浦银安盛全球智能科技（QDII）",
            "fundcode": "006555",
            "fundtype": "5",
            "sharetype": null,
            "incomeratio": "0.0000%",
            "dayinc": "0.31%",
            "navdate": "20190726",
            "hfincomeratio": "0",
            "pernetvalue": "1.0887",
            "totalnetvalue": "1.0887"
        },
        {
            "fundname": "浦银安盛全球智能科技（QDII）",
            "fundcode": "006555",
            "fundtype": "5",
            "sharetype": null,
            "incomeratio": "0.0000%",
            "dayinc": "-1.04%",
            "navdate": "20190725",
            "hfincomeratio": "0",
            "pernetvalue": "1.0853",
            "totalnetvalue": "1.0853"
        },
        {
            "fundname": "浦银安盛全球智能科技（QDII）",
            "fundcode": "006555",
            "fundtype": "5",
            "sharetype": null,
            "incomeratio": "0.0000%",
            "dayinc": "1.18%",
            "navdate": "20190724",
            "hfincomeratio": "0",
            "pernetvalue": "1.0967",
            "totalnetvalue": "1.0967"
        },
        {
            "fundname": "浦银安盛全球智能科技（QDII）",
            "fundcode": "006555",
            "fundtype": "5",
            "sharetype": null,
            "incomeratio": "0.0000%",
            "dayinc": "0.82%",
            "navdate": "20190723",
            "hfincomeratio": "0",
            "pernetvalue": "1.0839",
            "totalnetvalue": "1.0839"
        },
        {
            "fundname": "浦银安盛全球智能科技（QDII）",
            "fundcode": "006555",
            "fundtype": "5",
            "sharetype": null,
            "incomeratio": "0.0000%",
            "dayinc": "0.82%",
            "navdate": "20190722",
            "hfincomeratio": "0",
            "pernetvalue": "1.0751",
            "totalnetvalue": "1.0751"
        },
        {
            "fundname": "浦银安盛全球智能科技（QDII）",
            "fundcode": "006555",
            "fundtype": "5",
            "sharetype": null,
            "incomeratio": "0.0000%",
            "dayinc": "-0.47%",
            "navdate": "20190719",
            "hfincomeratio": "0",
            "pernetvalue": "1.0664",
            "totalnetvalue": "1.0664"
        },
        {
            "fundname": "浦银安盛全球智能科技（QDII）",
            "fundcode": "006555",
            "fundtype": "5",
            "sharetype": null,
            "incomeratio": "0.0000%",
            "dayinc": "-0.12%",
            "navdate": "20190717",
            "hfincomeratio": "0",
            "pernetvalue": "1.0714",
            "totalnetvalue": "1.0714"
        },
        {
            "fundname": "浦银安盛全球智能科技（QDII）",
            "fundcode": "006555",
            "fundtype": "5",
            "sharetype": null,
            "incomeratio": "0.0000%",
            "dayinc": "-0.34%",
            "navdate": "20190716",
            "hfincomeratio": "0",
            "pernetvalue": "1.0727",
            "totalnetvalue": "1.0727"
        },
        {
            "fundname": "浦银安盛全球智能科技（QDII）",
            "fundcode": "006555",
            "fundtype": "5",
            "sharetype": null,
            "incomeratio": "0.0000%",
            "dayinc": "0.28%",
            "navdate": "20190715",
            "hfincomeratio": "0",
            "pernetvalue": "1.0764",
            "totalnetvalue": "1.0764"
        },
        {
            "fundname": "浦银安盛全球智能科技（QDII）",
            "fundcode": "006555",
            "fundtype": "5",
            "sharetype": null,
            "incomeratio": "0.0000%",
            "dayinc": "-0.16%",
            "navdate": "20190712",
            "hfincomeratio": "0",
            "pernetvalue": "1.0734",
            "totalnetvalue": "1.0734"
        },
        {
            "fundname": "浦银安盛全球智能科技（QDII）",
            "fundcode": "006555",
            "fundtype": "5",
            "sharetype": null,
            "incomeratio": "0.0000%",
            "dayinc": "-0.17%",
            "navdate": "20190711",
            "hfincomeratio": "0",
            "pernetvalue": "1.0751",
            "totalnetvalue": "1.0751"
        },
        {
            "fundname": "浦银安盛全球智能科技（QDII）",
            "fundcode": "006555",
            "fundtype": "5",
            "sharetype": null,
            "incomeratio": "0.0000%",
            "dayinc": "0.22%",
            "navdate": "20190710",
            "hfincomeratio": "0",
            "pernetvalue": "1.0769",
            "totalnetvalue": "1.0769"
        },
        {
            "fundname": "浦银安盛全球智能科技（QDII）",
            "fundcode": "006555",
            "fundtype": "5",
            "sharetype": null,
            "incomeratio": "0.0000%",
            "dayinc": "0.11%",
            "navdate": "20190709",
            "hfincomeratio": "0",
            "pernetvalue": "1.0745",
            "totalnetvalue": "1.0745"
        },
        {
            "fundname": "浦银安盛全球智能科技（QDII）",
            "fundcode": "006555",
            "fundtype": "5",
            "sharetype": null,
            "incomeratio": "0.0000%",
            "dayinc": "-0.69%",
            "navdate": "20190708",
            "hfincomeratio": "0",
            "pernetvalue": "1.0733",
            "totalnetvalue": "1.0733"
        },
        {
            "fundname": "浦银安盛全球智能科技（QDII）",
            "fundcode": "006555",
            "fundtype": "5",
            "sharetype": null,
            "incomeratio": "0.0000%",
            "dayinc": "-0.30%",
            "navdate": "20190705",
            "hfincomeratio": "0",
            "pernetvalue": "1.0808",
            "totalnetvalue": "1.0808"
        },
        {
            "fundname": "浦银安盛全球智能科技（QDII）",
            "fundcode": "006555",
            "fundtype": "5",
            "sharetype": null,
            "incomeratio": "0.0000%",
            "dayinc": "0.16%",
            "navdate": "20190704",
            "hfincomeratio": "0",
            "pernetvalue": "1.0841",
            "totalnetvalue": "1.0841"
        },
        {
            "fundname": "浦银安盛全球智能科技（QDII）",
            "fundcode": "006555",
            "fundtype": "5",
            "sharetype": null,
            "incomeratio": "0.0000%",
            "dayinc": "0.44%",
            "navdate": "20190703",
            "hfincomeratio": "0",
            "pernetvalue": "1.0824",
            "totalnetvalue": "1.0824"
        },
        {
            "fundname": "浦银安盛全球智能科技（QDII）",
            "fundcode": "006555",
            "fundtype": "5",
            "sharetype": null,
            "incomeratio": "0.0000%",
            "dayinc": "-0.28%",
            "navdate": "20190702",
            "hfincomeratio": "0",
            "pernetvalue": "1.0777",
            "totalnetvalue": "1.0777"
        },
        {
            "fundname": "浦银安盛全球智能科技（QDII）",
            "fundcode": "006555",
            "fundtype": "5",
            "sharetype": null,
            "incomeratio": "0.0000%",
            "dayinc": "1.31%",
            "navdate": "20190701",
            "hfincomeratio": "0",
            "pernetvalue": "1.0807",
            "totalnetvalue": "1.0807"
        },
        {
            "fundname": "浦银安盛全球智能科技（QDII）",
            "fundcode": "006555",
            "fundtype": "5",
            "sharetype": null,
            "incomeratio": "0.0000%",
            "dayinc": "-0.01%",
            "navdate": "20190630",
            "hfincomeratio": "0",
            "pernetvalue": "1.0667",
            "totalnetvalue": "1.0667"
        },
        {
            "fundname": "浦银安盛全球智能科技（QDII）",
            "fundcode": "006555",
            "fundtype": "5",
            "sharetype": null,
            "incomeratio": "0.0000%",
            "dayinc": "0.37%",
            "navdate": "20190628",
            "hfincomeratio": "0",
            "pernetvalue": "1.0668",
            "totalnetvalue": "1.0668"
        },
        {
            "fundname": "浦银安盛全球智能科技（QDII）",
            "fundcode": "006555",
            "fundtype": "5",
            "sharetype": null,
            "incomeratio": "0.0000%",
            "dayinc": "0.81%",
            "navdate": "20190627",
            "hfincomeratio": "0",
            "pernetvalue": "1.0629",
            "totalnetvalue": "1.0629"
        },
        {
            "fundname": "浦银安盛全球智能科技（QDII）",
            "fundcode": "006555",
            "fundtype": "5",
            "sharetype": null,
            "incomeratio": "0.0000%",
            "dayinc": "0.33%",
            "navdate": "20190626",
            "hfincomeratio": "0",
            "pernetvalue": "1.0544",
            "totalnetvalue": "1.0544"
        },
        {
            "fundname": "浦银安盛全球智能科技（QDII）",
            "fundcode": "006555",
            "fundtype": "5",
            "sharetype": null,
            "incomeratio": "0.0000%",
            "dayinc": "-0.93%",
            "navdate": "20190625",
            "hfincomeratio": "0",
            "pernetvalue": "1.0509",
            "totalnetvalue": "1.0509"
        },
        {
            "fundname": "浦银安盛全球智能科技（QDII）",
            "fundcode": "006555",
            "fundtype": "5",
            "sharetype": null,
            "incomeratio": "0.0000%",
            "dayinc": "-0.03%",
            "navdate": "20190624",
            "hfincomeratio": "0",
            "pernetvalue": "1.0608",
            "totalnetvalue": "1.0608"
        },
        {
            "fundname": "浦银安盛全球智能科技（QDII）",
            "fundcode": "006555",
            "fundtype": "5",
            "sharetype": null,
            "incomeratio": "0.0000%",
            "dayinc": "-0.62%",
            "navdate": "20190621",
            "hfincomeratio": "0",
            "pernetvalue": "1.0611",
            "totalnetvalue": "1.0611"
        },
        {
            "fundname": "浦银安盛全球智能科技（QDII）",
            "fundcode": "006555",
            "fundtype": "5",
            "sharetype": null,
            "incomeratio": "0.0000%",
            "dayinc": "0.95%",
            "navdate": "20190620",
            "hfincomeratio": "0",
            "pernetvalue": "1.0677",
            "totalnetvalue": "1.0677"
        },
        {
            "fundname": "浦银安盛全球智能科技（QDII）",
            "fundcode": "006555",
            "fundtype": "5",
            "sharetype": null,
            "incomeratio": "0.0000%",
            "dayinc": "0.73%",
            "navdate": "20190619",
            "hfincomeratio": "0",
            "pernetvalue": "1.0577",
            "totalnetvalue": "1.0577"
        },
        {
            "fundname": "浦银安盛全球智能科技（QDII）",
            "fundcode": "006555",
            "fundtype": "5",
            "sharetype": null,
            "incomeratio": "0.0000%",
            "dayinc": "1.08%",
            "navdate": "20190618",
            "hfincomeratio": "0",
            "pernetvalue": "1.0500",
            "totalnetvalue": "1.0500"
        },
        {
            "fundname": "浦银安盛全球智能科技（QDII）",
            "fundcode": "006555",
            "fundtype": "5",
            "sharetype": null,
            "incomeratio": "0.0000%",
            "dayinc": "0.16%",
            "navdate": "20190617",
            "hfincomeratio": "0",
            "pernetvalue": "1.0388",
            "totalnetvalue": "1.0388"
        },
        {
            "fundname": "浦银安盛全球智能科技（QDII）",
            "fundcode": "006555",
            "fundtype": "5",
            "sharetype": null,
            "incomeratio": "0.0000%",
            "dayinc": "-0.67%",
            "navdate": "20190614",
            "hfincomeratio": "0",
            "pernetvalue": "1.0371",
            "totalnetvalue": "1.0371"
        },
        {
            "fundname": "浦银安盛全球智能科技（QDII）",
            "fundcode": "006555",
            "fundtype": "5",
            "sharetype": null,
            "incomeratio": "0.0000%",
            "dayinc": "0.21%",
            "navdate": "20190613",
            "hfincomeratio": "0",
            "pernetvalue": "1.0441",
            "totalnetvalue": "1.0441"
        },
        {
            "fundname": "浦银安盛全球智能科技（QDII）",
            "fundcode": "006555",
            "fundtype": "5",
            "sharetype": null,
            "incomeratio": "0.0000%",
            "dayinc": "-0.35%",
            "navdate": "20190612",
            "hfincomeratio": "0",
            "pernetvalue": "1.0419",
            "totalnetvalue": "1.0419"
        }
    ],
    "successful": true,
    "clientid": "296d83078c3c44d1bfc76e614bfdeb11",
    "code": "ETS-5BP00000",
    "token": null,
    "message": "查询成功"
}