{
    "accessiondate": null,
    "background": "1994年至2001年任职招商银行总行营业部，2003年至2007年任职招商银行总行公司银行部，2007年至2017年任职于兴全基金，历任行业研究员、基金经理助理、基金经理。2017年7月加盟浦银安盛基金，历任研究部副总监，现担任权益投资部总监助理。2018年1月起兼任浦银安盛消费升级灵活配置混合型证券投资基金及浦银安盛睿智精选灵活配置混合型证券投资基金基金经理。",
    "birthday": null,
    "brokergender": "1",
    "brokername": "杨岳斌",
    "brokerno": "40",
    "degree": "英国伯明翰大学金融MBA，CFA",
    "dimissiondate": null,
    "endime": null,
    "fundcode": "519172",
    "fundcurrratio": null,
    "fundid": null,
    "fundname": "浦银睿智A",
    "infopubldate": null,
    "infosource": null,
    "isposition": null,
    "practicedate": null,
    "practiceyears": null,
    "rrsincestart": null,
    "shortname": "浦银睿智A",
    "starttime": null,
    "successful": true,
    "token": null,
    "totalrecords": "1"
}